id;nome;email;cpf;nascimento;genero;mini_bio;foto_perfil_url;criado_em
1;by;Elisio.Braga87@live.com;thin;2024-02-25T12:25:10;OUTRO;fast;yippee visor vastly;2024-02-25T12:54:29
2;unripe;Sara_Silva80@gmail.com;although when;2024-02-25T06:34:08;FEM;shield to in;yellow;2024-02-24T23:26:39
3;delirious always in;Danilo42@yahoo.com;eek pierce;2024-02-25T07:33:46;MASC;failing;punish;2024-02-25T15:24:47
4;especially whoever rapidly;Isabella.Santos@bol.com.br;speedily;2024-02-24T22:20:52;MASC;delouse euphoric emulsify;and minus gee;2024-02-25T16:30:22
5;provided notwithstanding;Frederico.Moraes@gmail.com;owlishly;2024-02-25T13:48:13;MASC;crimp;of supposing devalue;2024-02-25T02:09:00
6;wok midst swelter;Nicolas_Souza2@hotmail.com;volatility;2024-02-24T23:54:33;MASC;whenever thoughtful;pocket real;2024-02-25T16:02:09
7;chasm;MariaClara42@bol.com.br;indeed even;2024-02-25T14:54:27;MASC;entertainment liven;nor;2024-02-25T08:03:19
8;attached yowza;Yago20@hotmail.com;impressionable if marvelous;2024-02-25T16:41:04;FEM;huzzah huzzah motivation;usefully tighten;2024-02-25T12:16:26
9;carboxyl storey;Karla.Xavier@live.com;yuck;2024-02-25T00:19:54;OUTRO;blind bricklaying vainly;earn while;2024-02-25T09:01:19
10;finally ew;Maria_Franco84@bol.com.br;pit yearly;2024-02-25T11:28:24;MASC;hospice tickle;strong tune-up at;2024-02-25T04:31:55
